id;first_name;last_name;address;phone
1;Chanel;Kunde;reassuringly colossal alongside;(639) 663-6620 x930
2;Kailee;DuBuque;strident;557.316.9531 x03911
3;Jaunita;Bahringer;blushing;1-851-465-4217
4;Laney;Tromp;to;772.928.8987 x5515
5;Emelia;Lemke;hoarse aside obsess;814.350.0219
6;Brandt;Cremin;pace near uniform;1-908-981-3352 x133
7;Syble;Bergstrom;ick emerge furthermore;256-927-4505
8;Eliseo;Turner;unlike whoever unhealthy;1-969-646-5118 x51462
9;Deion;Lesch;delicious gah;1-998-779-3391
10;Bobby;Bernier;psst pish nor;1-386-715-7524 x833
